ImageId,NameOfPokemon
1106.jpg,Bulbasaur
2236.jpg,Charmender
1131.jpg,Bulbasaur
2221.jpg,Charmender
2011.jpg,Charmender
2030.jpg,Charmender
2035.jpg,Pikachu
1110.jpg,Bulbasaur
1104.jpg,Bulbasaur
2217.jpg,Charmender
1111.jpg,Bulbasaur
1100.jpg,Bulbasaur
1112.jpg,Pikachu
1138.jpg,Bulbasaur
2238.jpg,Charmender
2009.jpg,Bulbasaur
2225.jpg,Charmender
2240.jpg,Charmender
2020.jpg,Pikachu
2209.jpg,Charmender
2029.jpg,Pikachu
1114.jpg,Bulbasaur
2201.jpg,Charmender
1118.jpg,Bulbasaur
2025.jpg,Pikachu
2202.jpg,Charmender
1117.jpg,Bulbasaur
1119.jpg,Bulbasaur
2000.jpg,Pikachu
2007.jpg,Pikachu
2039.jpg,Pikachu
2017.jpg,Charmender
2215.jpg,Charmender
1120.jpg,Bulbasaur
2006.jpg,Pikachu
1116.jpg,Bulbasaur
1128.jpg,Bulbasaur
1125.jpg,Bulbasaur
2203.jpg,Charmender
1133.jpg,Bulbasaur
1137.jpg,Bulbasaur
2220.jpg,Charmender
2012.jpg,Charmender
2224.jpg,Pikachu
2206.jpg,Charmender
1122.jpg,Bulbasaur
2223.jpg,Charmender
1102.jpg,Bulbasaur
2234.jpg,Charmender
2216.jpg,Charmender
2016.jpg,Pikachu
2227.jpg,Charmender
2013.jpg,Charmender
1113.jpg,Bulbasaur
2204.jpg,Charmender
1101.jpg,Bulbasaur
2208.jpg,Charmender
2024.jpg,Pikachu
2031.jpg,Charmender
2222.jpg,Charmender
2211.jpg,Charmender
2033.jpg,Charmender
2213.jpg,Charmender
2231.jpg,Bulbasaur
2001.jpg,Charmender
2040.jpg,Pikachu
1127.jpg,Charmender
2023.jpg,Charmender
2015.jpg,Pikachu
1121.jpg,Bulbasaur
2232.jpg,Charmender
1139.jpg,Pikachu
1103.jpg,Bulbasaur
2018.jpg,Pikachu
2233.jpg,Charmender
2212.jpg,Charmender
2210.jpg,Charmender
2228.jpg,Charmender
2026.jpg,Pikachu
1132.jpg,Bulbasaur
2003.jpg,Pikachu
1129.jpg,Bulbasaur
2214.jpg,Charmender
1123.jpg,Bulbasaur
2004.jpg,Pikachu
1136.jpg,Bulbasaur
1140.jpg,Bulbasaur
2226.jpg,Charmender
2230.jpg,Charmender
1135.jpg,Bulbasaur
1105.jpg,Bulbasaur
2237.jpg,Bulbasaur
1109.jpg,Bulbasaur
2022.jpg,Charmender
2005.jpg,Pikachu
2218.jpg,Charmender
2036.jpg,Pikachu
1115.jpg,Bulbasaur
2032.jpg,Pikachu
2200.jpg,Pikachu
1134.jpg,Bulbasaur
1130.jpg,Bulbasaur
1107.jpg,Bulbasaur
2034.jpg,Pikachu
2205.jpg,Charmender
2008.jpg,Pikachu
2027.jpg,Pikachu
2028.jpg,Pikachu
2239.jpg,Charmender
1108.jpg,Bulbasaur
2010.jpg,Pikachu
2229.jpg,Charmender
2219.jpg,Pikachu
2019.jpg,Charmender
2207.jpg,Charmender
2002.jpg,Charmender
2037.jpg,Pikachu
2038.jpg,Pikachu
1124.jpg,Bulbasaur
2014.jpg,Pikachu
2235.jpg,Charmender
1126.jpg,Bulbasaur
2021.jpg,Charmender
